[
  {
    "Type": "A",
    "Name": "www.example.com",
    "Value": "192.168.1.1",
    "TTL": 3600
  },
  {
    "Type": "MX",
    "Name": "mail.testdomain.com",
    "Value": "mailhost.testdomain.com",
    "Priority": 20,
    "TTL": 3600
  },
  {
    "Type": "A",
    "Name": "cdn.sample.net",
    "Value": "192.168.1.3",
    "TTL": 3600
  },
  {
    "Type": "MX",
    "Name": "mail.example.com",
    "Value": "mailhost.example.com",
    "Priority": 10,
    "TTL": 3600
  },
  {
    "Type": "A",
    "Name": "api.customapp.net",
    "Value": "192.168.2.2",
    "TTL": 3600
  },
  {
    "Type": "A",
    "Name": "www.customproject.com",
    "Value": "192.168.2.1",
    "TTL": 3600
  },
  {
    "Type": "A",
    "Name": "www.randomapp.net",
    "Value": "192.168.3.3",
    "TTL": 3600
  },
  {
    "Type": "A",
    "Name": "cdn.randomsite.org",
    "Value": "192.168.2.3",
    "TTL": 3600
  },
  {
    "Type": "A",
    "Name": "api.testapp.com",
    "Value": "192.168.3.1",
    "TTL": 3600
  },
  {
    "Type": "MX",
    "Name": "mail.randomapp.net",
    "Value": "mailhost.randomapp.net",
    "Priority": 20,
    "TTL": 3600
  },
  {
    "Type": "MX",
    "Name": "mail.sample.net",
    "Value": "mailhost.sample.net",
    "Priority": 5,
    "TTL": 3600
  },
  {
    "Type": "MX",
    "Name": "mail.finalexample.com",
    "Value": "mailhost.finalexample.com",
    "Priority": 15,
    "TTL": 3600
  },
  {
    "Type": "MX",
    "Name": "mail.customproject.com",
    "Value": "mailhost.customproject.com",
    "Priority": 15,
    "TTL": 3600
  },
  {
    "Type": "A",
    "Name": "cdn.exampleapp.org",
    "Value": "192.168.3.2",
    "TTL": 3600
  },
  {
    "Type": "A",
    "Name": "api.lastproject.net",
    "Value": "192.168.4.2",
    "TTL": 3600
  },
  {
    "Type": "MX",
    "Name": "mail.testapp.com",
    "Value": "mailhost.testapp.com",
    "Priority": 30,
    "TTL": 3600
  }
]
